position,depth_half_actions,seconds
bot move 1,2,0.0026
bot move 1,3,0.0050
bot move 1,4,0.0149
bot move 1,5,0.0561
bot move 1,6,2.1110
bot move 1,7,1.3035
bot move 1,8,2.7918
bot move 1,9,8.3501
bot move 2,2,0.0022
bot move 2,3,0.0025
bot move 2,4,0.0045
bot move 2,5,0.0137
bot move 2,6,0.0965
bot move 2,7,0.2241
bot move 2,8,2.8343
bot move 2,9,1.7013
bot move 2,10,47.9972
bot move 3,2,0.0020
bot move 3,3,0.0024
bot move 3,4,0.0046
bot move 3,5,0.0118
bot move 3,6,0.0759
bot move 3,7,0.3073
bot move 3,8,0.4938
bot move 3,9,2.0205
bot move 3,10,2.9776
bot move 4,2,0.0013
bot move 4,3,0.0044
bot move 4,4,0.0106
bot move 4,5,0.0571
bot move 4,6,0.1563
bot move 4,7,0.6234
bot move 4,8,0.6490
bot move 4,9,3.6207
bot move 4,10,5.3895
